player_id,inducted
seaveto01,1.0
ryanno01,1.0
ripkeca01,1.0
cobbty01,1.0
brettge01,1.0
aaronha01,1.0
gwynnto01,1.0
johnsra05,1.0
maddugr01,1.0
schmimi01,1.0
benchjo01,1.0
carltst01,1.0
ruthba01,1.0
wagneho01,1.0
henderi01,1.0
mayswi01,1.0
yastrca01,1.0
fellebo01,1.0
jacksre01,1.0
willite01,1.0
musiast01,1.0
palmeji01,1.0
robinbr01,1.0
glavito02,1.0
boggswa01,1.0
smithoz01,1.0
martipe02,1.0
mathech01,1.0
carewro01,1.0
alomaro01,1.0
robinfr02,1.0
dimagjo01,1.0
kalinal01,1.0
mantlmi01,1.0
ottme01,1.0
hubbeca01,1.0
koufasa01,1.0
roberro01,1.0
heilmha01,1.0
snidedu01,1.0
lyonste01,1.0
larkiba01,1.0
gossari01,1.0
sislege01,1.0
willibi01,1.0
berrayo01,1.0
murraed02,1.0
molitpa01,1.0
greenha01,1.0
medwijo01,1.0
aparilu01,1.0
friscfr01,1.0
winfida01,1.0
gibsobo01,1.0
bankser01,1.0
wilheho01,1.0
thomafr04,1.0
maricju01,1.0
johnswa01,1.0
lajoina01,1.0
wanerpa01,1.0
eckerde01,1.0
spahnwa01,1.0
killeha01,1.0
piazzmi01,1.0
maranra01,1.0
smoltjo01,1.0
biggicr01,1.0
stargwi01,1.0
puckeki01,1.0
speaktr01,1.0
morgajo02,1.0
vanceda01,1.0
suttodo01,1.0
mccovwi01,1.0
fingero01,1.0
alexape01,1.0
niekrph01,1.0
dickebi01,1.0
brocklo01,1.0
blylebe01,1.0
fiskca01,1.0
cochrmi01,1.0
matheed01,1.0
camparo01,1.0
foxxji01,1.0
deandi01,1.0
cronijo01,1.0
lemonbo01,1.0
drysddo01,1.0
hornsro01,1.0
cartega01,1.0
dawsoan01,1.0
fordwh01,1.0
collied01,1.0
hartnga01,1.0
pennohe01,1.0
robinja02,1.0
yountro01,1.0
terrybi01,1.0
boudrlo01,1.0
perryga01,1.0
perezto01,1.0
suttebr01,1.0
traynpi01,1.0
riceji01,1.0
grovele01,1.0
hunteca01,1.0
sandbry01,1.0
youngcy01,1.0
wynnea01,1.0
keelewi01,1.0
kinerra01,1.0
jenkife01,1.0
simmoal01,1.0
foxne01,0.0
bunniji01,0.0
cepedor01,0.0
ruffire01,0.0
chancfr01,0.0
bagweje01,0.0
applilu01,0.0
raineti01,0.0
slaugen01,0.0
morrija02,0.0
gehrich01,0.0
wadderu01,0.0
hodgegi01,0.0
walshed01,0.0
roushed01,0.0
eversjo01,0.0
bresnro01,0.0
ricesa01,0.0
delahed01,0.0
rixeyep01,0.0
schilcu01,0.0
careyma01,0.0
smithle02,0.0
colliji01,0.0
reesepe01,0.0
olivato01,0.0
gomezle01,0.0
clemero02,0.0
schalra01,0.0
bendech01,0.0
bondsba01,0.0
mizejo01,0.0
martied01,0.0
santoro01,0.0
marisro01,0.0
mussimi01,0.0
newhoha01,0.0
garvest01,0.0
schoere01,0.0
mazerbi01,0.0
ashburi01,0.0
trammal01,0.0
willsma01,0.0
marioma01,0.0
kuennha01,0.0
lopezal01,0.0
rizzuph01,0.0
wilsoha01,0.0
jennihu01,0.0
kellge01,0.0
gowdyha01,0.0
cavarph01,0.0
grimebu01,0.0
sainjo01,0.0
cuyleki01,0.0
reynoal01,0.0
lazzeto01,0.0
bottoji01,0.0
duffyhu01,0.0
johnto01,0.0
tiantlu01,0.0
faberre01,0.0
bakerfr01,0.0
vandejo01,0.0
kaatji01,0.0
vaughar01,0.0
gordojo01,0.0
mattido01,0.0
kleinch01,0.0
brownmo01,0.0
planked01,0.0
lolicmi01,0.0
boyerke01,0.0
hardeme01,0.0
mcginjo01,0.0
doerrbo01,0.0
vernomi01,0.0
clarkfr01,0.0
parkeda01,0.0
burdele01,0.0
mcgrifr01,0.0
mcgwima01,0.0
waltebu01,0.0
wanerll01,0.0
murphda05,0.0
wheatza01,0.0
walkela01,0.0
gehrilo01,0.0
youngro01,0.0
torrejo01,0.0
minosmi01,0.0
howarel01,0.0
henrito01,0.0
hermabi01,0.0
tinkejo01,0.0
hoytwa01,0.0
allendi01,0.0
facero01,0.0
darkal01,0.0
woodjo02,0.0
martipe01,0.0
conceda01,0.0
odoulle01,0.0
kentje01,0.0
lombaer01,0.0
bancrda01,0.0
combsea01,0.0
pinsova01,0.0
munsoth01,0.0
newcodo01,0.0
floodcu01,0.0
coopewa01,0.0
kluszte01,0.0
marquru01,0.0
adamsba01,0.0
lewisdu01,0.0
gosligo01,0.0
lylesp01,0.0
covelst01,0.0
palmera01,0.0
sosasa01,0.0
larsedo01,0.0
moorete01,0.0
sheffga01,0.0
dimagdo01,0.0
hershor01,0.0
hernake01,0.0
hafeych01,0.0
bondsbo01,0.0
evansdw01,0.0
raschvi01,0.0
dykesji01,0.0
klingjo01,0.0
grimmch01,0.0
willibe02,0.0
rosepe01,0.0
newsobo01,0.0
manushe01,0.0
chaseha01,0.0
guidrro01,0.0
wilsoji01,0.0
bluevi01,0.0
seweljo01,0.0
nettlgr01,0.0
ruelmu01,0.0
haineje01,0.0
crigelo01,0.0
staubru01,0.0
bauerha01,0.0
belleal01,0.0
boonebo01,0.0
altroni01,0.0
durocle01,0.0
bridgto01,0.0
stewada01,0.0
jackstr01,0.0
harribu01,0.0
woodwi01,0.0
fostege01,0.0
southbi01,0.0
wrighgl01,0.0
warnelo01,0.0
maglisa01,0.0
ruckena01,0.0
valenfe01,0.0
derripa01,0.0
baineha01,0.0
kellech01,0.0
fitzsfr01,0.0
cramedo01,0.0
hermaba01,0.0
willicy01,0.0
luquedo01,0.0
judgejo01,0.0
lynnfr01,0.0
garcino01,0.0
crosefr01,0.0
averiea01,0.0
mcinnst01,0.0
gonzaju03,0.0
mcgeewi01,0.0
rowesc01,0.0
schumha02,0.0
yorkru01,0.0
hutchfr01,0.0
meusebo01,0.0
oneilst01,0.0
rolfere01,0.0
nehfar01,0.0
reardje01,0.0
hackst01,0.0
blackew01,0.0
griffke01,0.0
francjo01,0.0
thomsbo01,0.0
madlobi01,0.0
ehmkeho01,0.0
rommeed01,0.0
clarkwi02,0.0
coopewi01,0.0
lindsfr01,0.0
oliveal01,0.0
motama01,0.0
crawfsa01,0.0
schanwa01,0.0
gracema01,0.0
galaran01,0.0
coneda01,0.0
crandde01,0.0
whitefr01,0.0
quiseda01,0.0
delgaca01,0.0
haddiha01,0.0
mccarti01,0.0
cartejo01,0.0
whiteea01,0.0
belanma01,0.0
simmote01,0.0
ferrewe01,0.0
dobyla01,0.0
quinnja01,0.0
goodedw01,0.0
scottev01,0.0
erskica01,0.0
loftoke01,0.0
martide01,0.0
campabe01,0.0
tennefr02,0.0
rusieam01,0.0
tebbebi01,0.0
mccorfr01,0.0
chandsp01,0.0
hoopeha01,0.0
donlimi01,0.0
walkedi02,0.0
archeji01,0.0
duganjo01,0.0
reisepe01,0.0
whitalo01,0.0
mcnalda01,0.0
alomasa02,0.0
wallabo01,0.0
baylodo01,0.0
groveor01,0.0
brechha01,0.0
hillejo01,0.0
grichbo01,0.0
dinnebi01,0.0
nichoki01,0.0
gibsoki01,0.0
abbotji01,0.0
carribi02,0.0
bradlbi01,0.0
bowala01,0.0
earnsge01,0.0
fletcar01,0.0
rootch01,0.0
milancl01,0.0
ofarrbo01,0.0
lawve01,0.0
shantbo01,0.0
mcmilro01,0.0
maysca01,0.0
higgipi01,0.0
millebi02,0.0
oneilpa01,0.0
chesbja01,0.0
bucknbi01,0.0
brownke01,0.0
richabo01,0.0
wilsowi02,0.0
wambsbi01,0.0
grohhe01,0.0
truckvi01,0.0
elliobo01,0.0
stengca01,0.0
moseswa01,0.0
piercbi02,0.0
whitewi01,0.0
ceyro01,0.0
blairpa01,0.0
marbefi01,0.0
bushjo01,0.0
jonesfi01,0.0
perryji01,0.0
bergmo01,0.0
bishoma01,0.0
kellyge01,0.0
groatdi01,0.0
sutclri01,0.0
mcgrajo01,0.0
leonadu02,0.0
parrila02,0.0
bellbu01,0.0
evansda01,0.0
burkeje01,0.0
mcdougi01,0.0
heganji01,0.0
coombja01,0.0
bluegos01,0.0
richajr01,0.0
cashno01,0.0
doylela01,0.0
lavagco01,0.0
shockur01,0.0
uhlege01,0.0
camildo01,0.0
donovbi01,0.0
burnsge01,0.0
peckiro01,0.0
kindeel01,0.0
stephri01,0.0
whiteha01,0.0
clarkja01,0.0
marshmi01,0.0
kileda01,0.0
howarfr01,0.0
perraro01,0.0
furilca01,0.0
stiebda01,0.0
wertzvi01,0.0
mcgratu01,0.0
powelbo01,0.0
sauerha01,0.0
hattogr01,0.0
lockmwh01,0.0
niekrjo01,0.0
simmocu01,0.0
lucasre01,0.0
gelbech01,0.0
jurgebi01,0.0
tekulke01,0.0
venturo01,0.0
alouma01,0.0
willima04,0.0
granted01,0.0
saberbr01,0.0
guerrpe01,0.0
turnete01,0.0
cravaga01,0.0
bellge02,0.0
davisto02,0.0
theveto01,0.0
fonsele01,0.0
holtzke01,0.0
henketo01,0.0
strawda01,0.0
pappami01,0.0
barryja01,0.0
gonzami01,0.0
sewellu01,0.0
cuccito01,0.0
werbebi01,0.0
gustifr01,0.0
coopemo01,0.0
doakbi01,0.0
berrych02,0.0
kammwi01,0.0
stanked01,0.0
kressre01,0.0
vaughmo01,0.0
lopated01,0.0
sievero01,0.0
cansejo01,0.0
jenseja01,0.0
randowi01,0.0
aloumo01,0.0
castivi02,0.0
tobinji01,0.0
bushgu01,0.0
critzhu01,0.0
martiti02,0.0
hrbekke01,0.0
galanau01,0.0
mageesh01,0.0
westrwe01,0.0
loberha01,0.0
daubeja01,0.0
casege01,0.0
houttar01,0.0
schreos01,0.0
ennisde01,0.0
fregoji01,0.0
morriha02,0.0
guilloz01,0.0
hortowi01,0.0
bakerdu01,0.0
koosmje01,0.0
jacksjo01,0.0
wellsda01,0.0
gonzalu01,0.0
salmoti01,0.0
bushdo01,0.0
roepr01,0.0
podrejo01,0.0
bartedi01,0.0
sherdbi01,0.0
smithea02,0.0
hallabi01,0.0
severha01,0.0
westsa01,0.0
bigbeca01,0.0
davissp01,0.0
milledo02,0.0
cadorle01,0.0
mungova01,0.0
johnsbo01,0.0
oeschjo01,0.0
smithsh01,0.0
kremera01,0.0
virdobi01,0.0
lowebo01,0.0
phillde01,0.0
elberki01,0.0
houghch01,0.0
pascuca02,0.0
aloufe01,0.0
stottme01,0.0
mcdowja01,0.0
gaettga01,0.0
wettejo01,0.0
fosteed02,0.0
messean01,0.0
lonboji01,0.0
fairlro01,0.0
powervi01,0.0
perkicy01,0.0
meadole01,0.0
bergewa01,0.0
holmeto01,0.0
leachfr01,0.0
mcmanma01,0.0
johnsda02,0.0
boutoji01,0.0
edwarha01,0.0
fernato01,0.0
ewingbu01,0.0
percitr01,0.0
bandosa01,0.0
mcdanli01,0.0
petrori01,0.0
finlest01,0.0
mayle01,0.0
smithre06,0.0
leebi03,0.0
muellbi02,0.0
russebi01,0.0
kingmda01,0.0
boyercl02,0.0
mclaide01,0.0
leiteal01,0.0
grissma02,0.0
olerujo01,0.0
torgeea01,0.0
valoel01,0.0
dentbu01,0.0
watsobo01,0.0
murcebo01,0.0
pafkoan01,0.0
grissma01,0.0
martimo01,0.0
ricede01,0.0
toneyfr01,0.0
myerbu01,0.0
wittwh01,0.0
ringji01,0.0
chapmbe01,0.0
lansfca01,0.0
sewelri01,0.0
coxbi02,0.0
hargrbu01,0.0
colemvi01,0.0
moorejo02,0.0
keyji01,0.0
eisenji01,0.0
davisch01,0.0
aguilri01,0.0
moonwa01,0.0
bicheda01,0.0
daviser01,0.0
burgesm01,0.0
colavro01,0.0
sadecra01,0.0
malonji01,0.0
blassst01,0.0
turneji01,0.0
jonessa01,0.0
haasmu01,0.0
willike01,0.0
suhrgu01,0.0
mostijo01,0.0
ferreri01,0.0
kuheljo01,0.0
kessido01,0.0
osteecl01,0.0
dooinre01,0.0
leachto01,0.0
falkecy01,0.0
smallro01,0.0
troutdi01,0.0
streega01,0.0
rudoldi01,0.0
northro01,0.0
gleaski01,0.0
cissebi01,0.0
kuzavbo01,0.0
schulfr01,0.0
mcleala01,0.0
miksied01,0.0
steinha01,0.0
veachbo01,0.0
murphda02,0.0
collish01,0.0
breitte01,0.0
hinchbi01,0.0
moranpa01,0.0
longhe01,0.0
leevesa01,0.0
gromest01,0.0
sullibi03,0.0
murrare01,0.0
paskedo01,0.0
stanlmi01,0.0
breweji01,0.0
freehbi01,0.0
thornan01,0.0
lopesda01,0.0
decindo01,0.0
cashda01,0.0
sanguma01,0.0
cedence01,0.0
yeagest01,0.0
pinielo01,0.0
mondari01,0.0
rivermi01,0.0
mackco01,0.0
parrila01,0.0
garneph01,0.0
cruzjo01,0.0
hernawi01,0.0
forscbo01,0.0
dunnja01,0.0
schaege01,0.0
hamilbi01,0.0
crossla01,0.0
kellejo01,0.0
lathaar01,0.0
becklja01,0.0
beaumgi01,0.0
tudorjo01,0.0
reussje01,0.0
greenmi01,0.0
violafr01,0.0
reuscri01,0.0
templga01,0.0
flanami01,0.0
downibr01,0.0
scottmi03,0.0
sheckji01,0.0
davisha01,0.0
camniho01,0.0
conrowi01,0.0
tanneje01,0.0
seymocy01,0.0
ritchcl01,0.0
penato01,0.0
honeyri01,0.0
butlebr01,0.0
fernasi01,0.0
hendeda01,0.0
saxst01,0.0
allenjo02,0.0
bluelu01,0.0
samueju01,0.0
mitchke01,0.0
drabedo01,0.0
righeda01,0.0
candito01,0.0
montgje01,0.0
jeffegr01,0.0
jonesdo01,0.0
cruiswa01,0.0
irwinch01,0.0
zimmech01,0.0
herzobu01,0.0
flickel01,0.0
thomair01,0.0
cranddo01,0.0
stahlja01,0.0
coaklan01,0.0
dahlebi01,0.0
roberda01,0.0
olearch01,0.0
danniha01,0.0
adamssp01,0.0
walberu01,0.0
chapmsa01,0.0
crowdal01,0.0
mancugu01,0.0
daviscu01,0.0
wyattwh01,0.0
pippwa01,0.0
bladera01,0.0
scottja01,0.0
ellioju01,0.0
grantge01,0.0
pearsmo01,0.0
austiji01,0.0
sukefcl01,0.0
youngpe01,0.0
zachato01,0.0
bentola01,0.0
walkeha01,0.0
keltnke01,0.0
nichobi01,0.0
peskyjo01,0.0
sistisi01,0.0
burksel01,0.0
karroer01,0.0
bellja01,0.0
beckro01,0.0
frymatr01,0.0
nenro01,0.0
caminke01,0.0
bonilbo01,0.0
knabeot01,0.0
peitzhe01,0.0
frasech01,0.0
gordoto01,0.0
booneaa01,0.0
greensh01,0.0
gagneer01,0.0
snowjt01,0.0
radkebr01,0.0
surhobj01,0.0
dropowa01,0.0
garvene01,0.0
courtcl01,0.0
martibi02,0.0
hearnji01,0.0
portebo01,0.0
hemusso01,0.0
carrach01,0.0
adamsbo03,0.0
brutobi01,0.0
helmsto01,0.0
millafe01,0.0
giustda01,0.0
hickmji02,0.0
jacksso01,0.0
mcmahdo02,0.0
alouje01,0.0
cartyri01,0.0
ellisdo01,0.0
siebeso01,0.0
cardele01,0.0
brownga01,0.0
beckegl01,0.0
northji01,0.0
brilene01,0.0
bailebo01,0.0
carrocl02,0.0
campbbi02,0.0
billija01,0.0
harrebu01,0.0
cardejo02,0.0
scottge02,0.0
hraboal01,0.0
leonade01,0.0
harrato01,0.0
lanieha01,0.0
callijo01,0.0
shortch02,0.0
valenel01,0.0
hargrmi01,0.0
jorgemi01,0.0
burroje01,0.0
hebneri01,0.0
hootobu01,0.0
lowenjo01,0.0
bibbyji01,0.0
remyje01,0.0
luzingr01,0.0
torremi01,0.0
tenacge01,0.0
moneydo01,0.0
knighra01,0.0
speiech01,0.0
krukomi01,0.0
sundbji01,0.0
lemonch01,0.0
dykstle01,0.0
wallati01,0.0
dempsri01,0.0
kennete02,0.0
puhlte01,0.0
davisma01,0.0
daultda01,0.0
tartada01,0.0
candejo01,0.0
gullibi01,0.0
welchbo01,0.0
hurstbr01,0.0
smithlo01,0.0
pendlte01,0.0
fieldce01,0.0
myersra01,0.0
bedrost01,0.0
darliro01,0.0
deshaji01,0.0
rijojo01,0.0
krukjo01,0.0
brownto05,0.0
steinte01,0.0
phillto02,0.0
weisswa01,0.0
appieke01,0.0
seguida01,0.0
hentgpa01,0.0
oroscje01,0.0
stottto01,0.0
justida01,0.0
knoblch01,0.0
finlech01,0.0
dunstsh01,0.0
buhneja01,0.0
erstada01,0.0
seleaa01,0.0
benitar01,0.0
rogerke01,0.0
younger01,0.0
lopezja01,0.0
santibe01,0.0
boonebr01,0.0
otisam01,0.0
outlaji01,0.0
osunaan01,0.0
owchibo01,0.0
prattto02,0.0
otoolji01,0.0
prattde01,0.0
overmst01,0.0
omallto01,0.0
pytlafr01,0.0
olsongr01,0.0
olsoniv01,0.0
oneilmi02,0.0
purkebo01,0.0
purcebl01,0.0
quinnjo02,0.0
oleartr01,0.0
quirkja01,0.0
oldriru01,0.0
olivebo01,0.0
olivege01,0.0
olivejo01,0.0
olivaom01,0.0
questjo01,0.0
quantpa01,0.0
princto01,0.0
ortizju01,0.0
ortegph01,0.0
orthal01,0.0
pridecu01,0.0
osterfr01,0.0
osikke01,0.0
priddje01,0.0
priddbo01,0.0
pricejo02,0.0
orourfr01,0.0
orourji01,0.0
ontivst02,0.0
oneilti01,0.0
oquenjo01,0.0
ortajo01,0.0
orsuljo01,0.0
orrda01,0.0
pryorgr01,0.0
pruitro01,0.0
pikeli01,0.0
piersji01,0.0
pepitjo01,0.0
pinknge01,0.0
peacojo01,0.0
pearsal02,0.0
pipgrge01,0.0
penaor01,0.0
peltyba01,0.0
penaal01,0.0
perezed01,0.0
perezed02,0.0
phelpke01,0.0
phelpjo01,0.0
phelped01,0.0
peterfr01,0.0
peterga01,0.0
phelpba01,0.0
phillbu02,0.0
persoro01,0.0
phillbi01,0.0
phillad01,0.0
pettiga01,0.0
petryda01,0.0
petrage01,0.0
peterru02,0.0
pfeffje01,0.0
pfefffr01,0.0
peterjo01,0.0
phillda01,0.0
picinva01,0.0
pichahi01,0.0
picciro01,0.0
perezma01,0.0
perezne01,0.0
perezod01,0.0
perezpa01,0.0
phillja02,0.0
perripo01,0.0
perryge01,0.0
perryhe01,0.0
phillmi01,0.0
perezto03,0.0
paglimi01,0.0
pagnoto01,0.0
paintla01,0.0
palicer01,0.0
palldo01,0.0
palmeda01,0.0
pagliji01,0.0
portuma01,0.0
porteda02,0.0
palmede01,0.0
ponsosi01,0.0
paquecr01,0.0
parenfr01,0.0
parenma01,0.0
popovpa01,0.0
palmeor01,0.0
pooleji02,0.0
paganjo01,0.0
powelja04,0.0
powelja03,0.0
powelja01,0.0
owensp01,0.0
owensji01,0.0
owenmi01,0.0
powerte01,0.0
powerdo01,0.0
pacioto01,0.0
pottene01,0.0
postwa01,0.0
plesada01,0.0
plunker01,0.0
plummbi01,0.0
passecl01,0.0
patekfr01,0.0
pattebo01,0.0
plantph01,0.0
pavledo01,0.0
pizarju01,0.0
pauljo01,0.0
pattima01,0.0
pocorbi01,0.0
parmero01,0.0
parneme01,0.0
politcl01,0.0
polonlu01,0.0
polleho01,0.0
podbibu01,0.0
pasquda01,0.0
parreje01,0.0
mullige01,0.0
mcgeami01,0.0
mcgarch01,0.0
mcganda01,0.0
mcgafan01,0.0
mcelrch01,0.0
mcdowsa01,0.0
mcdowro01,0.0
mcfared01,0.0
mcgloji01,0.0
mcintma01,0.0
mckeaed01,0.0
mckecbi01,0.0
mcgresc01,0.0
mcgrabo01,0.0
mcgloly01,0.0
mcguide01,0.0
mccaski01,0.0
mccarto01,0.0
mccarle01,0.0
mccarjo03,0.0
mccarja01,0.0
mccaral01,0.0
mccarda01,0.0
mcclubo01,0.0
mcdermi03,0.0
mccurha01,0.0
mcculcl01,0.0
mccorji01,0.0
mccorba01,0.0
mccormi02,0.0
mccormi03,0.0
mccosba01,0.0
mccraqu01,0.0
mccrato01,0.0
mccreto01,0.0
mendora01,0.0
melvibo01,0.0
mercaor01,0.0
menefjo01,0.0
menkede01,0.0
meltobi01,0.0
melesa01,0.0
melhuad01,0.0
melilsk01,0.0
meekijo01,0.0
meuseir01,0.0
metzgro01,0.0
metkoca01,0.0
meyerda01,0.0
meyerch01,0.0
merribi01,0.0
merlolo01,0.0
merklfr01,0.0
merckke01,0.0
merceor01,0.0
merriji01,0.0
mertesa01,0.0
mesajo01,0.0
mcmicgr01,0.0
mcmahsa01,0.0
mcnalmi01,0.0
mcnaier01,0.0
mcmulke01,0.0
mclisca01,0.0
mclemma01,0.0
meadobr01,0.0
mcwilla01,0.0
medicdo01,0.0
mecirji01,0.0
mcphebi01,0.0
mcquige01,0.0
mcquige02,0.0
mcquihu01,0.0
mcraebr01,0.0
mcraeha01,0.0
mcreyke01,0.0
maniocl01,0.0
manrifr01,0.0
mannle01,0.0
manniri01,0.0
mannija01,0.0
mamaual01,0.0
malzofr01,0.0
malonpa02,0.0
marsaar01,0.0
marreel01,0.0
manzajo01,0.0
manwaki01,0.0
mantoje01,0.0
mantife01,0.0
mantema01,0.0
maddoga01,0.0
maddoel01,0.0
mageele01,0.0
magadda01,0.0
maddumi01,0.0
macharo01,0.0
mackra01,0.0
macksh01,0.0
maldoca01,0.0
majesha01,0.0
magnami01,0.0
mahlemi01,0.0
mahleri01,0.0
mahompa01,0.0
mcbrige01,0.0
mauchge01,0.0
maulal01,0.0
mathetj01,0.0
mathemi01,0.0
matlajo01,0.0
matthga01,0.0
maxvida01,0.0
mathebo01,0.0
mcaleji01,0.0
mazzile01,0.0
mcbriba01,0.0
mcbeaal01,0.0
mcauldi01,0.0
mayele01,0.0
mayde01,0.0
mayda01,0.0
mayca01,0.0
maybejo01,0.0
maxwech01,0.0
mayerer01,0.0
mayja01,0.0
mayje01,0.0
maymi01,0.0
maynebr01,0.0
mayru01,0.0
marshdo01,0.0
martida01,0.0
martije01,0.0
martijc01,0.0
martica01,0.0
marshwi01,0.0
marshmi02,0.0
martibu01,0.0
martial03,0.0
masonro01,0.0
masonji01,0.0
masiph01,0.0
mastewa02,0.0
marzajo01,0.0
martira03,0.0
martira02,0.0
martite01,0.0
martiti01,0.0
martito02,0.0
meyerru01,0.0
nashbi01,0.0
neaglde01,0.0
navarja01,0.0
naragha01,0.0
nagych01,0.0
myersmi01,0.0
nelsoro01,0.0
nevinph01,0.0
needhto01,0.0
nelsoca01,0.0
nelsoda01,0.0
nelsoge01,0.0
nelsoje01,0.0
murphed02,0.0
murphdw01,0.0
muncrbo01,0.0
mumphje01,0.0
mulvejo01,0.0
mullira01,0.0
mullipa01,0.0
mungere01,0.0
munozmi01,0.0
muserto01,0.0
murreiv01,0.0
myershy01,0.0
myersgr01,0.0
myattgl01,0.0
murphto02,0.0
murphro01,0.0
murphmo01,0.0
murphjo04,0.0
murrada01,0.0
micelda01,0.0
oberkke01,0.0
obriech01,0.0
oatesjo01,0.0
obriepe03,0.0
nunezed01,0.0
nunezab01,0.0
nunamle01,0.0
nottedo01,0.0
nunezvl01,0.0
nuxhajo01,0.0
oglivbe01,0.0
officro01,0.0
offerjo01,0.0
oestero01,0.0
ojedabo01,0.0
ohkato01,0.0
oconnda02,0.0
oconnja01,0.0
ochoaal01,0.0
odeake01,0.0
odellbi01,0.0
odombl01,0.0
odonojo01,0.0
niedeto01,0.0
nicosst01,0.0
nicolhu01,0.0
niemabo01,0.0
newsosk01,0.0
niarhgu01,0.0
niggejo01,0.0
nortogr01,0.0
norenir01,0.0
nordhwa01,0.0
normafr01,0.0
nomohi01,0.0
northbi01,0.0
norrimi01,0.0
nolesdi01,0.0
nitkocj01,0.0
nixonot01,0.0
nixonru01,0.0
nixontr01,0.0
nokesma01,0.0
nolanga01,0.0
nolanjo01,0.0
mirabpa01,0.0
miranwi01,0.0
mirabdo01,0.0
mintogr01,0.0
mitchwi01,0.0
mitchmi01,0.0
mitchda01,0.0
mitchcl01,0.0
milnejo01,0.0
milnaal01,0.0
minnepa01,0.0
miltoer01,0.0
minchdo01,0.0
mingost01,0.0
mondera01,0.0
monbobi01,0.0
mollwfr01,0.0
mongesi01,0.0
mittege01,0.0
montawi01,0.0
monrocr01,0.0
molinbo01,0.0
mlickda01,0.0
mizelvi01,0.0
moffira01,0.0
mogrige01,0.0
mohlemi01,0.0
millake01,0.0
millebo02,0.0
millebo04,0.0
milleed03,0.0
milleda02,0.0
milledo01,0.0
michage01,0.0
michaca01,0.0
mientdo01,0.0
mieskma01,0.0
mikkepe01,0.0
milbola01,0.0
milleri01,0.0
millest01,0.0
millsal01,0.0
millijo01,0.0
milleno01,0.0
milleot01,0.0
montejo01,0.0
morrima01,0.0
mosesje01,0.0
mosebll01,0.0
morynwa01,0.0
mortogu01,0.0
morriji01,0.0
morrijo01,0.0
morrijo04,0.0
mosesjo01,0.0
muelldo01,0.0
muellra01,0.0
muellhe01,0.0
mullato01,0.0
mulhote01,0.0
mowremi01,0.0
mossle01,0.0
mossido01,0.0
moriage02,0.0
moorege03,0.0
mooreed01,0.0
mooreea01,0.0
mooredo01,0.0
moorera01,0.0
moorera02,0.0
moorejo01,0.0
mooremi01,0.0
moorech02,0.0
montgbo01,0.0
monteri01,0.0
morenom01,0.0
morelke01,0.0
morgabo01,0.0
morgacy01,0.0
morgami01,0.0
morgato01,0.0
moraljo01,0.0
moralje01,0.0
moosebo01,0.0
moranmi01,0.0
mordemi01,0.0
treadje01,0.0
travice01,0.0
trillma01,0.0
triangu01,0.0
trevial01,0.0
treshto01,0.0
treshmi01,0.0
torresa01,0.0
tovarce01,0.0
trachst01,0.0
turlebo01,0.0
turneje01,0.0
tuttlbi01,0.0
tucketo01,0.0
troutst01,0.0
troskha01,0.0
trombmi01,0.0
tsitojo01,0.0
tuckemi01,0.0
thurssl01,0.0
tidrodi01,0.0
timlimi01,0.0
tiefebo01,0.0
tillmbo01,0.0
tiernmi01,0.0
thompro01,0.0
thompmi02,0.0
thompsa01,0.0
thondi01,0.0
thomsjo01,0.0
tomlida01,0.0
torboje01,0.0
tollewa01,0.0
titusjo01,0.0
tinglro01,0.0
tobinja01,0.0
tolanbo01,0.0
toddal01,0.0
twitcla01,0.0
twitcwa01,0.0
velarra01,0.0
velanjo01,0.0
vealebo01,0.0
velezot01,0.0
verbaem01,0.0
venabma01,0.0
vazqura01,0.0
vanslan01,0.0
vaughhi01,0.0
vaughgr01,0.0
vaughfa01,0.0
vittos01,0.0
virgioz02,0.0
virgioz01,0.0
vizcajo01,0.0
vollmcl01,0.0
voisebi01,0.0
vizcalu01,0.0
vinafe01,0.0
villoro01,0.0
veryzto01,0.0
versazo01,0.0
veresda01,0.0
vidrojo01,0.0
vanpoto01,0.0
upshawi01,0.0
upshace01,0.0
unserde01,0.0
underto01,0.0
uribejo01,0.0
urbinug01,0.0
tysonmi01,0.0
tylerle01,0.0
valleda01,0.0
vailmi01,0.0
vanhage01,0.0
vangiel01,0.0
vandejo02,0.0
valenjo03,0.0
valenjo02,0.0
valdeis01,0.0
valenbo02,0.0
valenja01,0.0
thompja01,0.0
sullifr01,0.0
summaho01,0.0
sullisc01,0.0
sullimi02,0.0
stynech01,0.0
sturtta01,0.0
sturdto01,0.0
sullibi04,0.0
sugdejo01,0.0
sudhowi01,0.0
suderpe01,0.0
summech01,0.0
swancr01,0.0
sweenma01,0.0
surkoma01,0.0
sundrst01,0.0
suttoez01,0.0
sveumda01,0.0
suthega01,0.0
stonejo01,0.0
stonede01,0.0
stoddti01,0.0
stovage01,0.0
stonest01,0.0
stockwe01,0.0
stillku01,0.0
stewash01,0.0
stewasa01,0.0
stiveja01,0.0
stockmi01,0.0
stobbch01,0.0
stirnsn01,0.0
stinsbo01,0.0
stinnke01,0.0
stoveha01,0.0
strunam01,0.0
stripjo01,0.0
strinni01,0.0
stubbfr01,0.0
stuardi01,0.0
stransa01,0.0
stratsc01,0.0
stricge01,0.0
striccu01,0.0
terwiwa01,0.0
terryra01,0.0
terryad01,0.0
terrewa01,0.0
tettlmi01,0.0
teufeti01,0.0
tewksbo01,0.0
tebeapa01,0.0
telemam01,0.0
templjo01,0.0
tayloza02,0.0
thomato02,0.0
thomaro01,0.0
thomapi01,0.0
thomale03,0.0
thigpbo01,0.0
thomago01,0.0
thomage01,0.0
thomaga01,0.0
thomafr03,0.0
thomade01,0.0
tananfr01,0.0
talbofr01,0.0
tartajo01,0.0
tapanke01,0.0
tannele01,0.0
swindgr01,0.0
swiftbo01,0.0
swiftbi02,0.0
swiftbi01,0.0
swoboro01,0.0
tablepa01,0.0
tatebe01,0.0
tayloha04,0.0
taylodu01,0.0
tayloda01,0.0
tayloja02,0.0
tayloto02,0.0
tayloro01,0.0
taubeed01,0.0
tavarju01,0.0
taylobi01,0.0
taverfr01,0.0
winnihe01,0.0
wingoiv01,0.0
wisesa01,0.0
wiseri01,0.0
vosbeed01,0.0
wilsore01,0.0
wilsopr01,0.0
winebo01,0.0
wiltsho01,0.0
witasja01,0.0
woodala01,0.0
womacto01,0.0
wolveha01,0.0
woodge01,0.0
woodeha01,0.0
wolfji01,0.0
wockejo01,0.0
wittmi01,0.0
wittbo01,0.0
wohlema01,0.0
wohlfji01,0.0
wilsomo01,0.0
williji01,0.0
willine01,0.0
willimi03,0.0
willimi02,0.0
willica01,0.0
willibr01,0.0
willidi02,0.0
willige02,0.0
willied01,0.0
wilsogl01,0.0
wilsoen01,0.0
wilsoea01,0.0
wilsoda01,0.0
wilsoji02,0.0
wilsoja01,0.0
williwo02,0.0
williwa02,0.0
willivi01,0.0
willist02,0.0
willisc01,0.0
wilsoar01,0.0
wilmowa01,0.0
youngma01,0.0
youngke01,0.0
youngjo02,0.0
zahnge01,0.0
zachrpa01,0.0
youngba01,0.0
yosted01,0.0
yorkto01,0.0
youngdm01,0.0
youngcu01,0.0
ziskri01,0.0
zimmehe01,0.0
zuverge01,0.0
zuberbi01,0.0
zoldasa01,0.0
zimmedo01,0.0
zarilal01,0.0
zernigu01,0.0
zeileto01,0.0
zeidero01,0.0
worthal01,0.0
worreto01,0.0
worreti01,0.0
wrighge01,0.0
wrighcl01,0.0
woodlge01,0.0
woodwwo01,0.0
wrighja02,0.0
yanes01,0.0
yeagejo01,0.0
wyrosjo01,0.0
wrighru01,0.0
wrighto01,0.0
wynnji01,0.0
wynegbu01,0.0
wyattjo02,0.0
warnejo01,0.0
wardtu01,0.0
wardpr01,0.0
washbja01,0.0
wasdijo01,0.0
wasdeji01,0.0
warstra01,0.0
waltoje01,0.0
waltoda01,0.0
waltero01,0.0
warddu01,0.0
wardjo01,0.0
wardga01,0.0
wardaa01,0.0
wardda01,0.0
washbra01,0.0
washicl01,0.0
weathro01,0.0
weathda01,0.0
watted01,0.0
weaveji01,0.0
watsomu01,0.0
wathajo01,0.0
washiul01,0.0
washiro01,0.0
watsoal01,0.0
waitsri01,0.0
waitked01,0.0
walbema01,0.0
walkecu01,0.0
walkech01,0.0
walkebi01,0.0
walkbo01,0.0
wagnele01,0.0
wagnehe01,0.0
vukovjo01,0.0
vuckope01,0.0
vossbi01,0.0
vosmijo01,0.0
wagneha01,0.0
wadeja01,0.0
wallide01,0.0
wallsle01,0.0
walkeja01,0.0
walkegr01,0.0
walkege02,0.0
walkeru01,0.0
walketo04,0.0
walketi01,0.0
whiteri01,0.0
whitema02,0.0
whitema01,0.0
whitejo01,0.0
whiteje01,0.0
whitero01,0.0
whitero02,0.0
whitfte01,0.0
whitesa02,0.0
whitega01,0.0
whisepe01,0.0
whitebi03,0.0
whitedo01,0.0
whitede03,0.0
whitede01,0.0
whitnar01,0.0
wilkecu01,0.0
wilforo01,0.0
wilcomi01,0.0
willeed01,0.0
wilkste01,0.0
wilkiri01,0.0
widgech01,0.0
wickmbo01,0.0
wickeda01,0.0
whittpo01,0.0
whitter01,0.0
whitsed01,0.0
whitnpi01,0.0
whitnji01,0.0
wightbi01,0.0
wiedmst01,0.0
welchmi01,0.0
welchcu01,0.0
weisal01,0.0
welchjo01,0.0
wellsed01,0.0
wellsbo01,0.0
webstmi01,0.0
webstle01,0.0
webbsk01,0.0
weilabo01,0.0
wehnejo01,0.0
wehmehe01,0.0
wegmabi01,0.0
westlwa01,0.0
weyhigu01,0.0
wheelha01,0.0
wendetu01,0.0
westda01,0.0
stewale01,0.0
rosenla01,0.0
rosenal01,0.0
rosemch01,0.0
rosebjo01,0.0
rossbu02,0.0
scanlbo01,0.0
roofph01,0.0
romovi01,0.0
rookeji01,0.0
rosarbu01,0.0
roystje01,0.0
rozemda01,0.0
rueteki01,0.0
rudolke01,0.0
rudijo01,0.0
rothbr01,0.0
rossga01,0.0
roweja01,0.0
rothrja01,0.0
rodrihe02,0.0
rodrife01,0.0
rodriri02,0.0
robinya01,0.0
rodriau01,0.0
rodgean01,0.0
rolanji01,0.0
rojasme01,0.0
rojasco01,0.0
rolliri01,0.0
roebued01,0.0
romered01,0.0
romanjo01,0.0
rogelbi01,0.0
roeniga01,0.0
rogerst01,0.0
rogovsa01,0.0
ruethdu01,0.0
sandesc01,0.0
sandere02,0.0
sandeke01,0.0
sandede02,0.0
sanfoja02,0.0
sanchre01,0.0
savagte01,0.0
sawatca01,0.0
satrito01,0.0
sassema01,0.0
ruthvdi01,0.0
russejo02,0.0
ryanbj01,0.0
ryanji01,0.0
ryanja01,0.0
ryanco01,0.0
russeji01,0.0
russeje01,0.0
runnepe01,0.0
ruhleve01,0.0
ruffibr01,0.0
russeja01,0.0
russeal01,0.0
rushbo01,0.0
ruschgl01,0.0
ryanmi02,0.0
salazlu01,0.0
sakatle01,0.0
sambijo01,0.0
sallesl01,0.0
saboch01,0.0
rybami01,0.0
ryanro01,0.0
sadledo01,0.0
robinwi01,0.0
reedho01,0.0
redusga01,0.0
reedst01,0.0
reedro01,0.0
reedri01,0.0
reedjo01,0.0
reedje02,0.0
reedje01,0.0
readyra01,0.0
raymocl01,0.0
redmama01,0.0
rebouje01,0.0
reeseri01,0.0
remlimi01,0.0
relafde01,0.0
reitzke01,0.0
renkost01,0.0
remseja01,0.0
reichri01,0.0
reganph01,0.0
reilljo01,0.0
repozro01,0.0
ramirra01,0.0
raderda01,0.0
radclri01,0.0
radboch01,0.0
radatdi01,0.0
raderdo02,0.0
raganpa01,0.0
radfopa01,0.0
raffeke01,0.0
radinsc01,0.0
rayjo01,0.0
rasmuer01,0.0
rasmude01,0.0
raridbi01,0.0
rapppa01,0.0
rawlijo01,0.0
rawlesh01,0.0
ramospe01,0.0
ramosdo01,0.0
randlle01,0.0
randajo01,0.0
repulri01,0.0
riverlu01,0.0
riverji01,0.0
rincori01,0.0
rileser01,0.0
ripkebi01,0.0
robinbi02,0.0
robersh01,0.0
robinro01,0.0
robinje01,0.0
robinfl01,0.0
robined01,0.0
robindo01,0.0
roberbo01,0.0
roberbi01,0.0
roberda05,0.0
roberda06,0.0
roberda07,0.0
roberle01,0.0
roberge01,0.0
rhemfl01,0.0
reynosh01,0.0
reynoha01,0.0
riceha01,0.0
rhoderi01,0.0
reynocr01,0.0
reulbed01,0.0
retteme01,0.0
reyesal01,0.0
reynoca01,0.0
reynoar02,0.0
reyesca01,0.0
riddlel01,0.0
ridzist01,0.0
riggsle01,0.0
richaha01,0.0
richada01,0.0
richile01,0.0
richepe01,0.0
smithre02,0.0
smithpo01,0.0
smithph01,0.0
smithpe02,0.0
smithwi02,0.0
smithja05,0.0
smithja03,0.0
smithha08,0.0
smithza01,0.0
snyderu01,0.0
snydepo01,0.0
snydefr01,0.0
snydeco02,0.0
sojolu01,0.0
soderer01,0.0
snodgfr01,0.0
smithha03,0.0
slaugdo01,0.0
slatoji01,0.0
smallro02,0.0
smallaa01,0.0
slocuhe01,0.0
slaglji01,0.0
sizemte01,0.0
skinnjo01,0.0
skowrbi01,0.0
skinnbo01,0.0
smithda02,0.0
smithed04,0.0
smithge02,0.0
smithge01,0.0
smithfr03,0.0
smithel02,0.0
smithel01,0.0
smithal04,0.0
smithal03,0.0
smithal01,0.0
smilejo01,0.0
smithbo02,0.0
smithch04,0.0
smithch02,0.0
smithbr01,0.0
solomed01,0.0
startjo01,0.0
stearjo01,0.0
stclara01,0.0
stantmi02,0.0
stanhdo01,0.0
stangle01,0.0
stanaos01,0.0
stanlmi02,0.0
stanlfr01,0.0
stanlbo01,0.0
stephve01,0.0
stephjo02,0.0
stewaji01,0.0
stewabu01,0.0
stevele01,0.0
stephge01,0.0
steinbi02,0.0
stenzja01,0.0
stennre01,0.0
sparktu01,0.0
sparkst01,0.0
spangal01,0.0
spencda01,0.0
speieju01,0.0
spehrti01,0.0
sorenla01,0.0
sommejo01,0.0
soltemo01,0.0
sorrepa01,0.0
sotoma01,0.0
sothoal01,0.0
sorrevi01,0.0
sosael01,0.0
spencji01,0.0
spencro01,0.0
squirmi01,0.0
sprinja01,0.0
stalege01,0.0
staintu01,0.0
stahlla01,0.0
stahlch01,0.0
staffge01,0.0
spraged02,0.0
spiezsc01,0.0
spiezed01,0.0
spierbi01,0.0
spencst01,0.0
spillda01,0.0
spraged01,0.0
spilmha01,0.0
splitpa01,0.0
sciosmi01,0.0
scottto01,0.0
scottti01,0.0
schuljo03,0.0
schulfr02,0.0
schuri01,0.0
schupfe01,0.0
selbaki01,0.0
seitzke01,0.0
selmadi01,0.0
seminan01,0.0
seguidi01,0.0
seaneru01,0.0
seedsbo01,0.0
seeryem01,0.0
scheiri01,0.0
scheica01,0.0
schefbo01,0.0
schatda01,0.0
schaapa01,0.0
scarbra01,0.0
schofdi02,0.0
schofdi01,0.0
schoupe01,0.0
schripo01,0.0
schmiwa01,0.0
schmijo01,0.0
schmija01,0.0
schmida01,0.0
shouncl01,0.0
shottbu01,0.0
shousbr01,0.0
shower01,0.0
siebedi01,0.0
shumpte01,0.0
shueypa01,0.0
shindbi01,0.0
shirlbo01,0.0
shochge01,0.0
shiplcr01,0.0
siebeno01,0.0
simpsha01,0.0
simonra01,0.0
singlke01,0.0
singebi01,0.0
sinatma01,0.0
simsdu01,0.0
sierrru01,0.0
silvech01,0.0
shankho01,0.0
shautjo01,0.0
shaffor01,0.0
servisc01,0.0
servasc01,0.0
sexsori01,0.0
shawbo01,0.0
shellji01,0.0
sherrla01,0.0
sheripa01,0.0
shelbjo01,0.0
sheame01,0.0
shawkbo01,0.0
shawje01,0.0
sheanda01,0.0
landrke01,0.0
corcola01,0.0
corajo01,0.0
cordewi01,0.0
corcoto01,0.0
cooledu01,0.0
coonejo01,0.0
coopece01,0.0
corkhpo01,0.0
cottohe01,0.0
cottich01,0.0
coughbi01,0.0
cormirh01,0.0
corrapa01,0.0
corsiji01,0.0
comisch01,0.0
comorad01,0.0
collijo01,0.0
collida02,0.0
colluja01,0.0
colliri01,0.0
collipa01,0.0
coninje01,0.0
consusa01,0.0
consobi01,0.0
cookde01,0.0
connasa01,0.0
conlege01,0.0
connoro01,0.0
covinwe01,0.0
cullero01,0.0
cowanbi01,0.0
cuellmi01,0.0
cunnibe01,0.0
cummimi01,0.0
culvege01,0.0
culpra01,0.0
crowlte01,0.0
cruzde01,0.0
cruzhe01,0.0
cruzju01,0.0
cruzjo02,0.0
cruzja01,0.0
dahlgba01,0.0
dacqujo01,0.0
daalom01,0.0
cutshge01,0.0
daleybu01,0.0
dalcabr01,0.0
dailyed01,0.0
dailyco01,0.0
cuthbne01,0.0
cunnijo01,0.0
cuppyni01,0.0
curtich01,0.0
curtijo01,0.0
cranesa01,0.0
craneed01,0.0
craigro01,0.0
credejo01,0.0
crawfwi01,0.0
crawfst01,0.0
coxda01,0.0
cowenal01,0.0
creekdo01,0.0
crossmo01,0.0
cromawa01,0.0
cervbo01,0.0
ceronri01,0.0
cedenro01,0.0
chambch01,0.0
chalkda01,0.0
chakabo01,0.0
chacosh01,0.0
caterda01,0.0
castrbi01,0.0
causewa01,0.0
chambel01,0.0
chavera01,0.0
chenela01,0.0
charlno01,0.0
chaneda01,0.0
chancde01,0.0
carroow01,0.0
carrocl01,0.0
carrema01,0.0
carseki01,0.0
carmado01,0.0
carrahe01,0.0
carragi01,0.0
carpehi01,0.0
castifr01,0.0
castica01,0.0
castial01,0.0
castege01,0.0
cassijo01,0.0
castito02,0.0
casanra01,0.0
casanpa01,0.0
carutbo01,0.0
caseydo01,0.0
casiala01,0.0
caseyse01,0.0
caseyhu01,0.0
colesda01,0.0
clinege01,0.0
cliftha01,0.0
childcu01,0.0
clevere01,0.0
clenddo01,0.0
clinety01,0.0
clingbi01,0.0
clintji01,0.0
clintlo01,0.0
clonito01,0.0
clemero01,0.0
clarkwa02,0.0
clarkto02,0.0
clarkto01,0.0
clemepa01,0.0
clemeja01,0.0
clemedo01,0.0
clearma01,0.0
claytro01,0.0
coangi01,0.0
coateji01,0.0
colbrgr01,0.0
colboji01,0.0
colbena01,0.0
colemjo05,0.0
colemjo04,0.0
colemjo01,0.0
coffmdi01,0.0
chrisma01,0.0
chrisla01,0.0
cimolgi01,0.0
cicoted01,0.0
chipmbo01,0.0
chitiha01,0.0
chrisja01,0.0
clarkho01,0.0
clarkda05,0.0
clarkni01,0.0
clarkma01,0.0
clarkjo01,0.0
cirilje01,0.0
clancji01,0.0
clarkbr02,0.0
clarkbo02,0.0
clappjo01,0.0
durhara01,0.0
durhale01,0.0
durenry01,0.0
dusaker01,0.0
dyeje01,0.0
dwyerji01,0.0
dwyerfr01,0.0
dunlafr01,0.0
dyerdu01,0.0
easleda01,0.0
eatonad01,0.0
eastwra01,0.0
easteja01,0.0
easlemi01,0.0
duncama01,0.0
dragodi01,0.0
drabomo01,0.0
duncada01,0.0
dowdto01,0.0
douthta01,0.0
douglph01,0.0
doyleja01,0.0
downial01,0.0
duffyfr01,0.0
dugglbi01,0.0
driesda01,0.0
drewska01,0.0
duceyro01,0.0
edwarbr01,0.0
etchean01,0.0
estessh01,0.0
esterdu01,0.0
estalbo02,0.0
evansal01,0.0
essiaji01,0.0
espossa01,0.0
espinal01,0.0
esperdu01,0.0
escobke01,0.0
evansjo01,0.0
falkbi01,0.0
falcope01,0.0
fainfe01,0.0
ewingbo01,0.0
eversho01,0.0
evereca01,0.0
faheybi01,0.0
fabrejo01,0.0
eyresc01,0.0
ericksc01,0.0
eldreca01,0.0
elartsc01,0.0
ellisjo01,0.0
egandi01,0.0
edwarjo01,0.0
eischjo01,0.0
eganto01,0.0
eilanda01,0.0
eichhma01,0.0
ehretre01,0.0
eggleda01,0.0
erickpa01,0.0
engliwo01,0.0
epstemi01,0.0
englecl01,0.0
embreal01,0.0
elybo01,0.0
elstodo01,0.0
elsteke01,0.0
ellswdi01,0.0
encarju01,0.0
doughpa01,0.0
deberha01,0.0
deckege01,0.0
deerro01,0.0
daviswi02,0.0
davisst02,0.0
dealch01,0.0
dayleke01,0.0
delluda01,0.0
delgrbo01,0.0
delgawi01,0.0
deleojo01,0.0
delocik01,0.0
demaejo01,0.0
delucri01,0.0
delsiji01,0.0
delosva01,0.0
dejesiv01,0.0
dejeami01,0.0
delahji01,0.0
davisro02,0.0
darenvi01,0.0
darwibo01,0.0
daussho01,0.0
dauerri01,0.0
darwida01,0.0
dalyto01,0.0
dalrycl01,0.0
dalryab01,0.0
danfoda01,0.0
davalvi01,0.0
davisgl01,0.0
davisge01,0.0
davisdi01,0.0
davismi02,0.0
daviski01,0.0
davisjo02,0.0
davenji01,0.0
demarfr02,0.0
dobsopa01,0.0
dobsojo01,0.0
dolanco01,0.0
dohened01,0.0
ditmaar01,0.0
dimagvi01,0.0
dilonmi01,0.0
disarga01,0.0
dipinfr01,0.0
dorisha01,0.0
dorgami01,0.0
doranbi02,0.0
doolami01,0.0
donovpa01,0.0
dotsori01,0.0
donahre01,0.0
donahji02,0.0
donovdi01,0.0
donohpe01,0.0
donneji01,0.0
deshide01,0.0
desauge01,0.0
dernibo01,0.0
devermi01,0.0
devliar01,0.0
demonge01,0.0
demetdo01,0.0
dennyjo01,0.0
dennyje01,0.0
dicksmu01,0.0
dickebu01,0.0
difelmi01,0.0
dietrbi01,0.0
dierkla01,0.0
devorjo01,0.0
diazbo01,0.0
diazei01,0.0
barrysh01,0.0
bartobo01,0.0
barrebi02,0.0
barreji01,0.0
barrji01,0.0
barrere01,0.0
barremi01,0.0
barrema02,0.0
baumafr01,0.0
battsma01,0.0
baumhfr01,0.0
bautida01,0.0
bautijo01,0.0
bassech01,0.0
batemjo01,0.0
bastich01,0.0
basske01,0.0
battijo01,0.0
batteea01,0.0
batisto01,0.0
batesjo02,0.0
bandoch01,0.0
bankhsc01,0.0
bannifl01,0.0
bannial01,0.0
bankswi01,0.0
balbost01,0.0
bakopa01,0.0
baldwja01,0.0
barneje01,0.0
barnevi01,0.0
barbest01,0.0
barfije01,0.0
barkele01,0.0
bergebi01,0.0
berenju01,0.0
bereja01,0.0
berarjo01,0.0
benzito01,0.0
bergmda01,0.0
bentoru01,0.0
bennega01,0.0
bennech01,0.0
benjami01,0.0
beniqju01,0.0
bengobe01,0.0
bengera01,0.0
benesan01,0.0
benedbr01,0.0
bentoal01,0.0
bentlja01,0.0
bettshu01,0.0
bevacku01,0.0
beschbo01,0.0
berroge01,0.0
berroan01,0.0
berrera01,0.0
berrada01,0.0
bernhbi01,0.0
bernato01,0.0
berryda01,0.0
bertore01,0.0
berryse01,0.0
berryke01,0.0
beckeri01,0.0
beckebe01,0.0
beckbo01,0.0
beaucji01,0.0
bellira01,0.0
bellhma01,0.0
bellgu01,0.0
bellga01,0.0
belchti01,0.0
beggsjo01,0.0
bellde01,0.0
bellda01,0.0
belinst01,0.0
allenne01,0.0
alleyge01,0.0
almonbi01,0.0
almadme01,0.0
allisdo01,0.0
allisbo01,0.0
alexama02,0.0
alexado01,0.0
aldresc01,0.0
aldremi01,0.0
allenet01,0.0
allenbe01,0.0
alicelu01,0.0
alfoned01,0.0
alfonan01,0.0
amesre01,0.0
amaroru01,0.0
amarari01,0.0
amalfjo01,0.0
alvarwi01,0.0
anderda02,0.0
anderbr02,0.0
anderbr01,0.0
alomasa01,0.0
alvarlu01,0.0
adairje01,0.0
ackerji01,0.0
aceveju01,0.0
abbotku01,0.0
abbotgl01,0.0
abbated01,0.0
aasedo01,0.0
abbotpa01,0.0
abramca01,0.0
abernte02,0.0
ainsmed01,0.0
aguirha01,0.0
aguaylu01,0.0
akerja01,0.0
agostju01,0.0
adcocjo01,0.0
adamste01,0.0
ageeto01,0.0
avilabo01,0.0
averyst01,0.0
azcuejo01,0.0
ayersdo01,0.0
aybarma01,0.0
ayalabe01,0.0
aurilri01,0.0
astrojo01,0.0
astacpe01,0.0
assenpa01,0.0
asproke01,0.0
aukerel01,0.0
augusje01,0.0
auerbri01,0.0
bairdo01,0.0
bairddo01,0.0
bailobo01,0.0
bakerfl01,0.0
backmwa01,0.0
baergca01,0.0
baileed01,0.0
bailebi01,0.0
bahnsst01,0.0
bagbyji02,0.0
asprobo01,0.0
andujjo01,0.0
applepe01,0.0
antonjo02,0.0
anthoer01,0.0
ansonca01,0.0
aquinlu01,0.0
anderla02,0.0
anderjo01,0.0
anderma02,0.0
andreiv01,0.0
arrigge01,0.0
ashbyan01,0.0
ashbyal01,0.0
ariasal01,0.0
armasto02,0.0
armasto01,0.0
buhlbo01,0.0
bufordo01,0.0
buforda01,0.0
buffich01,0.0
buelofr01,0.0
buechst01,0.0
bumbral01,0.0
burbada01,0.0
burnije01,0.0
burleri01,0.0
burketi01,0.0
burnsge02,0.0
burgmto01,0.0
burdoja01,0.0
burkejo03,0.0
burkeed01,0.0
burkebo01,0.0
brownem01,0.0
brusswa01,0.0
brownge01,0.0
brownje01,0.0
brownha01,0.0
broweji01,0.0
broutda01,0.0
brosnji01,0.0
browncl01,0.0
brownbu01,0.0
brownju01,0.0
brubabi01,0.0
brunege01,0.0
brunato01,0.0
brownol02,0.0
brownma01,0.0
brownll01,0.0
brownle01,0.0
brownla01,0.0
brownto02,0.0
brownto01,0.0
brownpe01,0.0
burnsoy01,0.0
campbda01,0.0
campbbr01,0.0
callani01,0.0
camacer01,0.0
careyan01,0.0
cardwdo01,0.0
carbobe01,0.0
carlsha01,0.0
cangejo01,0.0
candaca01,0.0
cannich01,0.0
cantwbe01,0.0
caldwra02,0.0
butersa01,0.0
butchma01,0.0
bushra01,0.0
bushodo01,0.0
burrira01,0.0
burnsto01,0.0
busbyji01,0.0
cadargr01,0.0
caldwmi01,0.0
caldeiv01,0.0
byerlbu01,0.0
buzhajo01,0.0
byrdpa01,0.0
cabelen01,0.0
byrneto01,0.0
byrnebo01,0.0
brosisc01,0.0
brookto01,0.0
bohanbr01,0.0
boskish01,0.0
bollifr01,0.0
bolinbo01,0.0
boevejo01,0.0
blowemi01,0.0
bocachi01,0.0
boccajo01,0.0
boehrbr01,0.0
boddimi01,0.0
bochtbr01,0.0
bordepa01,0.0
bordafr01,0.0
borbope02,0.0
borbope01,0.0
boonera01,0.0
bordimi01,0.0
borowjo01,0.0
borowha01,0.0
borlato02,0.0
bonhati01,0.0
bonhabi01,0.0
bonesri01,0.0
bondto01,0.0
bonneba01,0.0
bloodji01,0.0
blackbu02,0.0
biittla01,0.0
bierblo01,0.0
bielemi01,0.0
bilkost01,0.0
birddo01,0.0
billijo01,0.0
blausje01,0.0
blasiwa01,0.0
blasido01,0.0
blefacu01,0.0
blairwi01,0.0
blaehge01,0.0
blackti01,0.0
blancjo01,0.0
blakesh01,0.0
bosioch01,0.0
bosleth01,0.0
brenlbo01,0.0
bosmadi01,0.0
brettke01,0.0
bressru01,0.0
bressed01,0.0
breamsi01,0.0
brantje01,0.0
branski01,0.0
bransje01,0.0
brandja01,0.0
branded01,0.0
brazlal01,0.0
braxtga01,0.0
braunst01,0.0
brockgr01,0.0
brocado01,0.0
brodist01,0.0
brookhu01,0.0
brohaja01,0.0
brognri01,0.0
briggjo02,0.0
bridwal01,0.0
bridgro01,0.0
brinked01,0.0
bowerfr01,0.0
boydbo01,0.0
bowmajo01,0.0
botteke01,0.0
bottari01,0.0
bosweke01,0.0
bostoda01,0.0
bradlsc01,0.0
brancra01,0.0
braggda01,0.0
boydoi01,0.0
boyleja01,0.0
bradlge01,0.0
bradfch01,0.0
bradfbu01,0.0
farmeed01,0.0
jonesda01,0.0
jonesda03,0.0
jonescl01,0.0
jonesch05,0.0
jonesja04,0.0
jonesgo01,0.0
jonesch01,0.0
johnswa03,0.0
johnssy01,0.0
jonesbo03,0.0
jonesba01,0.0
jorgear01,0.0
jordabu01,0.0
joshuvo01,0.0
josefe01,0.0
jordabr01,0.0
jonesra01,0.0
jonesma01,0.0
joosted01,0.0
jonesru01,0.0
joneswi01,0.0
jonesto02,0.0
jonessa02,0.0
johnssi01,0.0
johnsbi03,0.0
johnsal01,0.0
johnsbo02,0.0
johnscl01,0.0
johnsch04,0.0
jimenda01,0.0
johnsde01,0.0
johnsdo01,0.0
johnsla03,0.0
johnsro02,0.0
johnske02,0.0
johnsha01,0.0
johnser01,0.0
johnsho01,0.0
johnsja01,0.0
johnsjo07,0.0
johnsji01,0.0
johnsje01,0.0
johnsja02,0.0
joynewa01,0.0
kellyro01,0.0
kellypa01,0.0
kemmeru01,0.0
kennebr01,0.0
kennebo01,0.0
kendafr01,0.0
kempst01,0.0
kellyki01,0.0
kellnal01,0.0
kellemi02,0.0
kenneve01,0.0
kennejo04,0.0
kennejo03,0.0
kernji01,0.0
keougma02,0.0
keougma01,0.0
kampoal01,0.0
kamiesc01,0.0
karkoro01,0.0
juliojo01,0.0
judenje01,0.0
kahoemi01,0.0
keenaji01,0.0
keefeti01,0.0
kekicmi01,0.0
kaufmto01,0.0
kaskoed01,0.0
karsast01,0.0
houstty01,0.0
howarth01,0.0
housefr03,0.0
hornujo01,0.0
hornebo01,0.0
horlejo01,0.0
hosleti01,0.0
houcksa01,0.0
howear01,0.0
hudliwi01,0.0
hudlere01,0.0
hudsosi01,0.0
huggimi01,0.0
howest01,0.0
howelro02,0.0
howelja02,0.0
howelja01,0.0
howelha01,0.0
hoydu01,0.0
hubbatr01,0.0
hubbagl01,0.0
holbebi01,0.0
hoilech01,0.0
hogsech01,0.0
hollato01,0.0
hollaal01,0.0
holkewa01,0.0
hoffmgl01,0.0
hoffmda01,0.0
hogansh01,0.0
hofmaso01,0.0
hollial01,0.0
hollibu01,0.0
hoppjo01,0.0
hooddo01,0.0
holloke01,0.0
hollida01,0.0
holtji01,0.0
holmedu01,0.0
holmeda01,0.0
jacksmi02,0.0
jacksro03,0.0
jacksro02,0.0
jacksra01,0.0
jacksla01,0.0
jacobba01,0.0
jacobel01,0.0
jacobbr01,0.0
jacksgr01,0.0
iviemi01,0.0
isbelfr01,0.0
irwinar01,0.0
jacksda04,0.0
jacksda03,0.0
jacksda02,0.0
jacksal01,0.0
jacklfr01,0.0
jayjo01,0.0
javiest01,0.0
javieju01,0.0
jarvike01,0.0
jenkige01,0.0
jeffere01,0.0
jeffeje01,0.0
jeffcmi01,0.0
jeffcha01,0.0
janvrha01,0.0
jamesbo01,0.0
jamesbi01,0.0
jahajo01,0.0
jamesch02,0.0
jamiech01,0.0
jamesdi01,0.0
huntebr01,0.0
hundlto01,0.0
hundlra01,0.0
huntebr02,0.0
huntro01,0.0
humphbo01,0.0
hugheto01,0.0
hughero01,0.0
hummejo01,0.0
humeto01,0.0
huletti01,0.0
huismma01,0.0
hurdlcl01,0.0
incavpe01,0.0
iorgda01,0.0
husonje01,0.0
huttoto01,0.0
lezcasi01,0.0
leskacu01,0.0
leyriji01,0.0
lidleco01,0.0
liebejo01,0.0
limajo01,0.0
lillibo01,0.0
liebemi01,0.0
levinal01,0.0
leslisa01,0.0
lewisma01,0.0
lewisda01,0.0
lewisbu01,0.0
liriane01,0.0
liponjo01,0.0
linzyfr01,0.0
littldi01,0.0
lindejo01,0.0
lindbpa01,0.0
lindjo01,0.0
lindsji01,0.0
killebi01,0.0
leeth01,0.0
leema02,0.0
leele02,0.0
leetr01,0.0
lehnepa01,0.0
leffecr01,0.0
leedo01,0.0
learyti01,0.0
leebi02,0.0
ledeeri01,0.0
leonaje01,0.0
leonadu01,0.0
lerchra01,0.0
lepcite01,0.0
leibeha01,0.0
leitema01,0.0
leipeda01,0.0
leifile01,0.0
leibrch01,0.0
leibone01,0.0
lemonji01,0.0
lemkema01,0.0
lemasjo01,0.0
lemasde01,0.0
luderfr01,0.0
lumpeje01,0.0
lummi01,0.0
lowrepe01,0.0
lowntu01,0.0
lowdegr01,0.0
lyonsst01,0.0
lyonsde01,0.0
macfami01,0.0
macfada01,0.0
mabryjo01,0.0
lynchje01,0.0
loganjo01,0.0
loesbi01,0.0
loducpa01,0.0
lohrmbi01,0.0
lockwsk01,0.0
lollash01,0.0
livinsc01,0.0
livinmi01,0.0
litwhda01,0.0
lloydgr01,0.0
loaizes01,0.0
lockhke01,0.0
lockebo02,0.0
lockebo01,0.0
loretma01,0.0
lordha01,0.0
lopezlu02,0.0
longda02,0.0
lopezhe01,0.0
lopezau01,0.0
lopezal02,0.0
lopatst01,0.0
loopebr01,0.0
leachte01,0.0
leachri01,0.0
koenima01,0.0
kollodo01,0.0
kolpra01,0.0
konstji01,0.0
koneted01,0.0
knottja01,0.0
knorrra01,0.0
knoopbo01,0.0
knowlda01,0.0
kooncca01,0.0
krausle02,0.0
kraneed01,0.0
krameja01,0.0
kralija01,0.0
kreutch01,0.0
kretllo01,0.0
kreevmi01,0.0
kopfla01,0.0
koscoan01,0.0
kosloda01,0.0
kingsi01,0.0
kingra01,0.0
kinslto01,0.0
kirklwi01,0.0
kilroma01,0.0
killefr01,0.0
kimby01,0.0
kingji01,0.0
kingje01,0.0
kingemi01,0.0
kindaje01,0.0
kluttcl01,0.0
klippjo01,0.0
klinest02,0.0
knickbi01,0.0
kneppbo01,0.0
klinero01,0.0
kirkped01,0.0
kittrma01,0.0
kittlro01,0.0
kitsofr01,0.0
kisonbr01,0.0
klausbi01,0.0
klimclo01,0.0
kleskry01,0.0
kleinre01,0.0
laporfr01,0.0
lapoida01,0.0
lansimi01,0.0
lannijo01,0.0
lankfra01,0.0
larocda01,0.0
larkihe01,0.0
laniema01,0.0
landrti01,0.0
landrho01,0.0
landiji01,0.0
landera01,0.0
langsma01,0.0
langfri01,0.0
lawsoro01,0.0
lawtoma02,0.0
lawva01,0.0
laryly01,0.0
laryfr01,0.0
lavelga01,0.0
lavando01,0.0
lavalmi01,0.0
lauch01,0.0
latmaba01,0.0
kuipedu01,0.0
kuehnbi01,0.0
laabsch01,0.0
kruegbi01,0.0
kubiate01,0.0
labincl01,0.0
lamarbi01,0.0
lamabja01,0.0
lakest01,0.0
lakerti01,0.0
lakemal01,0.0
lampkto01,0.0
lampde01,0.0
lachaca01,0.0
lacyle01,0.0
lacosmi01,0.0
lacorfr01,0.0
lakeed01,0.0
lahoujo01,0.0
lagrole01,0.0
lagami01,0.0
hoernjo01,0.0
hoeftbi01,0.0
gedmari01,0.0
garrewa01,0.0
genewjo01,0.0
geigega01,0.0
garrra01,0.0
gastomi01,0.0
gastoci01,0.0
gentiji01,0.0
gharrpa01,0.0
getzich01,0.0
gibsoge01,0.0
gibbsja01,0.0
gibbojo01,0.0
gerbewa01,0.0
gerhajo01,0.0
gessldo01,0.0
geronce01,0.0
gernedi01,0.0
garresc01,0.0
gamblos01,0.0
galvipu01,0.0
gantnji01,0.0
gantro01,0.0
garceri01,0.0
garbege01,0.0
garagjo01,0.0
ganzech01,0.0
gallada01,0.0
galehde01,0.0
galloch01,0.0
gallibe01,0.0
gallemi01,0.0
gardnla01,0.0
gardngi01,0.0
gardnbi02,0.0
gardnma01,0.0
gardnro01,0.0
garmsde01,0.0
garmami01,0.0
garcica01,0.0
garcika01,0.0
garcida01,0.0
garciki01,0.0
garcimi01,0.0
gonzaal01,0.0
gondeje01,0.0
gomezru01,0.0
gomezch02,0.0
gonzajo02,0.0
goltzda01,0.0
gorege01,0.0
gordosi01,0.0
gosgeji01,0.0
goodwto01,0.0
goochjo01,0.0
gonzato01,0.0
gonzare01,0.0
goodwi01,0.0
goodmiv01,0.0
goodmbi01,0.0
gilkebe01,0.0
gilliji01,0.0
gilliba01,0.0
gilesbr02,0.0
gleatje01,0.0
glynned01,0.0
glovega01,0.0
ginsbjo01,0.0
girarjo01,0.0
glassja01,0.0
glanvdo01,0.0
gladdfr01,0.0
gladdda01,0.0
fishera01,0.0
fisheja01,0.0
fitzged01,0.0
fitzmal01,0.0
fitzgmi02,0.0
fischbi01,0.0
finnelo01,0.0
fischca01,0.0
fisheed02,0.0
fischmi01,0.0
flackma01,0.0
flagsir01,0.0
floribr01,0.0
floweja01,0.0
flynndo01,0.0
floydcl01,0.0
flintsi01,0.0
flahejo01,0.0
flannti01,0.0
flahepa02,0.0
fletcsc01,0.0
fletcel01,0.0
fletcda01,0.0
feldemi01,0.0
fermife01,0.0
fergujo01,0.0
fergubo01,0.0
fergual01,0.0
farretu01,0.0
farreja02,0.0
farredu01,0.0
farredo01,0.0
fasseje01,0.0
fasansa01,0.0
farrst01,0.0
fernaal01,0.0
ferrito01,0.0
fickro01,0.0
fewstch01,0.0
fettemi01,0.0
fribebe01,0.0
friaspe01,0.0
freyst01,0.0
freylo01,0.0
frienbo01,0.0
friseda01,0.0
freembu01,0.0
freelry01,0.0
freemma02,0.0
frencla01,0.0
freesge02,0.0
frommar01,0.0
gainede01,0.0
gagnegr01,0.0
gagliph01,0.0
gabrile02,0.0
fuentti01,0.0
frymawo01,0.0
fulmech01,0.0
forscke01,0.0
fornimi01,0.0
foremfr01,0.0
fordybr01,0.0
forstte01,0.0
fordho01,0.0
fosteal01,0.0
fossera01,0.0
fossato01,0.0
foliti01,0.0
foleyto02,0.0
foileha01,0.0
fordda01,0.0
forceda01,0.0
footeba01,0.0
frankfr02,0.0
francti01,0.0
francte01,0.0
francju01,0.0
foytapa01,0.0
frazige01,0.0
foutzda01,0.0
fournja01,0.0
foulkke01,0.0
fothebo01,0.0
fowledi01,0.0
foxpe01,0.0
foxch02,0.0
foxan01,0.0
gotayju01,0.0
heatone01,0.0
heathmi02,0.0
heathje01,0.0
heathcl01,0.0
heideja01,0.0
heganmi01,0.0
heffndo01,0.0
heepda01,0.0
haywora01,0.0
haynejo01,0.0
hayneji01,0.0
hayesvo01,0.0
hayesja02,0.0
hayesfr01,0.0
healyjo01,0.0
healyfr02,0.0
heimafr01,0.0
hendrcl01,0.0
hendest01,0.0
hendeke01,0.0
hemslro01,0.0
hemphch01,0.0
hendrha01,0.0
hendrge01,0.0
hendrel01,0.0
heisebo01,0.0
heintke01,0.0
hemmige01,0.0
heldwo01,0.0
helliri01,0.0
hayesch01,0.0
harshja01,0.0
hartlgr01,0.0
hartji01,0.0
harrisl01,0.0
harrigr01,0.0
harrige01,0.0
harrimi01,0.0
harrile01,0.0
harrijo03,0.0
hattesc01,0.0
havenbr01,0.0
hawlepi01,0.0
hawkian01,0.0
haselbi01,0.0
hartzro01,0.0
hartsto01,0.0
hatfifr01,0.0
hatchmi01,0.0
hatchbi01,0.0
hasslan01,0.0
hassero01,0.0
henlibu01,0.0
hillech01,0.0
hillca01,0.0
hildeor01,0.0
hillma01,0.0
hillke01,0.0
hillgl01,0.0
hillesh02,0.0
hickmch01,0.0
hidalri01,0.0
highan01,0.0
higgibo02,0.0
higbeki01,0.0
hoblidi01,0.0
hoakdo01,0.0
hoagmy01,0.0
hitchst01,0.0
hodgero01,0.0
hodapjo01,0.0
hockide01,0.0
hitchbi01,0.0
hislela01,0.0
hinespa01,0.0
hintoch01,0.0
hernaca01,0.0
hermage01,0.0
hermadu01,0.0
hergema01,0.0
hernajo01,0.0
heredgi01,0.0
hernaor01,0.0
henrydo01,0.0
henrybi01,0.0
hennemi01,0.0
henrydw01,0.0
heredfe01,0.0
herbero01,0.0
herbera01,0.0
hessot01,0.0
heskejo01,0.0
hershmi01,0.0
herrto01,0.0
herrmed01,0.0
hiattja01,0.0
hevinjo02,0.0
herndla01,0.0
hernaxa01,0.0
hernaro01,0.0
hernara01,0.0
herriar01,0.0
grimsja01,0.0
grimjo01,0.0
grimeos01,0.0
grimbo01,0.0
griffto02,0.0
grimsro02,0.0
grosske01,0.0
grossgr01,0.0
groombu01,0.0
groombo01,0.0
grissle01,0.0
griffto01,0.0
grievbe01,0.0
griffmi01,0.0
griffcl01,0.0
griffal01,0.0
guettle01,0.0
gurala01,0.0
gundeer01,0.0
gumpera01,0.0
gumbeha01,0.0
gumbead01,0.0
guerrwi01,0.0
guerrmi01,0.0
grosswa01,0.0
grubeke01,0.0
grubbjo01,0.0
grothjo01,0.0
groteje01,0.0
gubicma01,0.0
guarded01,0.0
guantce01,0.0
greggto01,0.0
grammal01,0.0
graneja01,0.0
grantmu01,0.0
grantma01,0.0
grangwa01,0.0
graveda01,0.0
gottji01,0.0
graffto01,0.0
gradymi01,0.0
greenle01,0.0
greenwi01,0.0
greento02,0.0
graydo02,0.0
greendi01,0.0
grebecr01,0.0
grayte01,0.0
hanlone01,0.0
hankifr01,0.0
guthrma01,0.0
haneyla01,0.0
haneych01,0.0
handsbi01,0.0
hannaji01,0.0
hanseda01,0.0
handlle01,0.0
hamnegr01,0.0
hammoje01,0.0
hammoch01,0.0
hammaat01,0.0
hamilst01,0.0
hamiljo02,0.0
hansero02,0.0
harpeha01,0.0
harpebr01,0.0
harnipe01,0.0
harmote01,0.0
harpege02,0.0
harreke01,0.0
harpeto01,0.0
hansoer01,0.0
hargrpi01,0.0
hargast01,0.0
hamilja01,0.0
haefnmi01,0.0
hadlebu01,0.0
hackewa02,0.0
hairsje01,0.0
guttedo01,0.0
gutieri01,0.0
guzmaju01,0.0
habyajo01,0.0
haasmo01,0.0
haasbe01,0.0
gwynnch01,0.0
hamilea01,0.0
hallto01,0.0
hallme01,0.0
hallmbi01,0.0
hallji02,0.0
hallto02,0.0
hamilda02,0.0
hamilda01,0.0
halleto01,0.0
halesa01,0.0
haleod01,0.0
halamjo01,0.0
halldi01,0.0
